S. No,Name (English),Name (Tamil),Rate,80%-Discount Price,Per.
1,23/4” Kurvi,2¾” குருவி,40.00,₹8.00,1 Pkt.
2,31/2” Lakshmi,3½” லட்சுமி,75.00,₹15.00,1 Pkt
3,31/2”Tom and jerry,3½” டாம் & ஜெர்ரி,80.00,₹16.00,1 Pkt
4,4” Lakshmi,4” லட்சுமி,100.00,₹20.00,1 Pkt.
5,4” Dlx spider/hulk,4” டீலக்ஸ் ஸ்பைடர்மேன் / ஹல்க்,150.00,₹30.00,1 Pkt.
6,4” Mega Deluxe Lakshmi,4” மெகா டீலக்ஸ் லட்சுமி,185.00,₹37.00,1 Pkt
7,4”Gold Lakshmi Delux,4” கோல்டு லட்சுமி டீலக்ஸ்,200.00,₹40.00,1 Pkt
8,5” Jallikattu spl,5” ஜல்லிக்கட்டு ஸ்பெஷல்,250.00,₹50.00,1 Pkt
9,5” Spiderman,5” ஸ்பைடர்மேன்,225.00,₹45.00,1 Pkt
10,6” Fighter,6” ஃபைட்டர்,225.00,₹45.00,1 Pkt
11,5” Jallikattu,5” ஜல்லிக்கட்டு,190.00,₹38.00,1 Pkt
12,6” Gorilla,6” கொரில்லா,250.00,₹50.00,1 Pkt
13,Two Sound,டூ சவுண்ட்,140.00,₹28.00,1 Pkt.
14,Eagles,ஈகிள்ஸ்,150.00,₹30.00,1 Box
15,Colour Uruttu,கலர் உருட்டு,500.00,₹100.00,1 Pkt
16,Flower Pots Small,பூச்சட்டி ஸ்மால்,225.00,₹45.00,1 Box
17,Flower Pots Big,பூச்சட்டி பிக்,300.00,₹60.00,1 Box
18,Flower Pots Special,பூச்சட்டி ஸ்பெஷல்,400.00,₹80.00,1 Box
19,Flower Pots Asoka,பூச்சட்டி அசோகா,525.00,₹105.00,1 Box
20,Flower pots giant,பூச்சட்டி ஜெயண்ட்,700.00,₹140.00,1 box
21,Flower Pots Colour Kotti,பூச்சட்டி கலர் கொட்டி,1000.00,₹200.00,1 Box
22,Flower Pots Deluxe (5pcs),பூச்சட்டி டீலக்ஸ் (5 பீஸ்),875.00,₹175.00,1 Box
23,Flower Pots super Deluxe (2pcs),பூச்சட்டி சூப்பர் டீலக்ஸ் (2 பீஸ்),575.00,₹115.00,1 Box
24,Flower Pots Deluxe (10pcs),பூச்சட்டி டீலக்ஸ் (10 பீஸ்),1800.00,₹360.00,1 Box
25,Blue Fountain(2pcs),ப்ளூ ஃபவுண்டன் (2 பீஸ்),1950.00,₹390.00,1 Box
26,Violet Fountain(2pcs),வயலெட் ஃபவுண்டன் (2 பீஸ்),1750.00,₹350.00,1 Box
27,Jelly Bean Super,ஜெல்லி பீன் சூப்பர்,2250.00,₹450.00,1 Box
28,Jelly Bean Deluxe,ஜெல்லி பீன் டீலக்ஸ்,4500.00,₹900.00,1 Box
29,Purple Koti,பர்ப்பிள் கோட்டி,1750.00,₹350.00,1 Box
30,Freaky Girls 10-inch,ஃப்ரீக்கி கேர்ள்ஸ் 10-இன்ச்,2000.00,₹400.00,1 Box
31,Small laddu,ஸ்மால் லட்டு,1300.00,₹260.00,1 box
32,Big laddu,பிக் லட்டு,1750.00,₹350.00,1 Box
33,Chakkar Big (10pcs),சக்கரம் பிக் (10 பீஸ்),200.00,₹40.00,1 Box
34,Chakkar Big (25pcs),சக்கரம் பிக் (25 பீஸ்),475.00,₹95.00,1 Box
35,Chakkar Asoka,சக்கரம் அசோகா,300.00,₹60.00,1 Box
36,Chakkar Special,சக்கரம் ஸ்பெஷல்,425.00,₹85.00,1 Box
37,Chakkar Deluxe,சக்கரம் டீலக்ஸ்,550.00,₹110.00,1 Box
38,Spinner special,ஸ்பின்னர் ஸ்பெஷல்,675.00,₹135.00,1 Box
39,Spinner Delux,ஸ்பின்னர் டீலக்ஸ்,750.00,₹150.00,1 Box
40,Hot Wheel big (INF),ஹாட் வீல் பிக் (INF),300.00,₹60.00,1 Box
41,Hot Wheel spl(INF),ஹாட் வீல் ஸ்பெஷல் (INF),550.00,₹110.00,1 Box
42,Hot Wheel dlx(INF),ஹாட் வீல் டீலக்ஸ் (INF),775.00,₹155.00,1 Box
43,Wire Chakkar,வயர் சக்கரம்,900.00,₹180.00,1 Box
44,Spin master mini colour changing,ஸ்பின் மாஸ்டர் மினி கலர் சேஞ்சிங்,350.00,₹70.00,1 Box
45,Spin master max colour changing,ஸ்பின் மாஸ்டர் மேக்ஸ் கலர் சேஞ்சிங்,675.00,₹135.00,1 Box
46,Maska chaska,மஸ்கா சாஸ்கா,640.00,₹128.00,1 Box
47,Lotus wheel,லோட்டஸ் வீல்,1175.00,₹235.00,1 Box
48,4X4 Wheel (5pcs),4X4 வீல் (5 பீஸ்),1100.00,₹220.00,1 Box
49,Wizz Wheel,விஸ் வீல்,900.00,₹180.00,1 Box
50,Dancing chakker,டான்சிங் சக்கரம்,987.50,₹197.50,1 Box
51,Planet wheeling,பிளானட் வீலிங்,1250.00,₹250.00,1 Box
52,Scoopydoo(Ajantha),ஸ்கூபிடூ (அஜந்தா),640.00,₹128.00,1 Box
53,Tora Tora (Ajantha),டோரா டோரா (அஜந்தா),900.00,₹180.00,1 Box
54,Baby Rocket,பேபி ராக்கெட்,200.00,₹40.00,1 Box
55,Rocket Bomb,ராக்கெட் பாம்,250.00,₹50.00,1 Box
56,Lunik Rocket Bomb,லூனிக் ராக்கெட் பாம்,750.00,₹150.00,1 Box
57,2 Sound Rocket Bomb,2 சவுண்ட் ராக்கெட் பாம்,875.00,₹175.00,1 Box
58,3 Sound & Whistling Rocket Bomb,3 சவுண்ட் & விசிலிங் ராக்கெட் பாம்,950.00,₹190.00,1 Box
59,Musical Rocket (5 Pcs),மியூசிக்கல் ராக்கெட் (5 பீஸ்),750.00,₹150.00,1 Box
60,Mega colour Rocket,மெகா கலர் ராக்கெட்,1925.00,₹385.00,1 Box
61,Crackling Rocket,க்ராக்லிங் ராக்கெட்,975.00,₹195.00,1 Box
62,Hydro Bomb (Green),ஹைட்ரோ பாம் (கிரீன்),325.00,₹65.00,1 Box
63,King of King (Green)3000,கிங் ஆஃப் கிங் (கிரீன்) 3000,400.00,₹80.00,1 Box
64,Classic Bomb (Green)5000,கிளாசிக் பாம் (கிரீன்) 5000,550.00,₹110.00,1 Box
65,Head Hunt Bomb,ஹெட் ஹண்ட் பாம்,950.00,₹190.00,1 Box
66,King Raider,கிங் ரைடர்,1500.00,₹300.00,1 Box
67,Mini King Raider,மினி கிங் ரைடர்,750.00,₹150.00,1 Box
68,Bullet Mini,புல்லெட் மினி,150.00,₹30.00,1 Box
69,Outu Pocket (VBM),அவுட்டு பாக்கெட் (VBM),650.00,₹130.00,1 Pkt.
70,4 in 1 Atom Bomp(4pcs),ஹைட்ரோ பாம் (கிரீன்),625.00,₹125.00,1 Box
71,Digital Bomb,டிஜிட்டல் பாம்,1000.00,₹200.00,1 Box
72,Akni Bomb,அக்னி பாம்,1150.00,₹230.00,1 Box
73,100 Beats,100 பீட்ஸ்,275.00,₹55.00,1 Box
74,1K (S) Angel,1K (S) ஏஞ்சல்,1000.00,₹200.00,1 Box
75,2K (S) Angel,2K (S) ஏஞ்சல்,2000.00,₹400.00,1 Box
76,5K (S) Angel,5K (S) ஏஞ்சல்,5000.00,₹1000.00,1 Box
77,10K (S) Angel,10K (S) ஏஞ்சல்,10000.00,₹2000.00,1 Box
78,1F (Angel),1F (ஏஞ்சல்),1600.00,₹320.00,1 Box
79,2F (Angel),2F (ஏஞ்சல்),3200.00,₹640.00,1 Box
80,5F (Angel),5F (ஏஞ்சல்),8000.00,₹1600.00,1 Box
81,10F (Angel),10F (ஏஞ்சல்),16000.00,₹3200.00,1 Box
82,1K VBM,1K VBM,1750.00,₹350.00,1 Box
83,2K VBM,2K VBM,3500.00,₹700.00,1 Box
84,5K VBM,5K VBM,8750.00,"₹1,750.00",1 Box
85,10K VBM,10K VBM,17500.00,"₹3,500.00",1 Box
86,28 Chorsa,28 சோர்சா,100.00,₹20.00,1 Pkt.
87,28 Gaint,28 ஜையன்ட்,150.00,₹30.00,1 Pkt.
88,56 Gaint,56 ஜையன்ட்,300.00,₹60.00,1 Pkt.
89,24 Deluxe,24 டீலக்ஸ்,250.00,₹50.00,1 Pkt.
90,50 Deluxe,50 டீலக்ஸ்,500.00,₹100.00,1 Pkt.
91,100 Deluxe,100 டீலக்ஸ்,1000.00,₹200.00,1 Pkt.
92,Red Bijili (50pcs),ரெட் பிஜிலி (50 பீஸ்),110.00,₹22.00,1 Pkt.
93,Red bijili 100 pcs,ரெட் பிஜிலி 100 பீஸ்,190.00,₹38.00,1 Pkt.
94,Stripped Bijili,ஸ்டிரிப்ட் பிஜிலி,225.00,₹45.00,1 Pkt.
95,VBM Bijili Crackers,VBM பிஜிலி கிராக்கர்ஸ்,350.00,₹70.00,1 Pkt
96,Hot mirchi,ஹாட் மிர்ச்சி,725.00,₹145.00,1 Pkt
97,15” Pencil,15” பென்சில்,400.00,₹80.00,1 Box
98,18” Pencil,18” பென்சில்,525.00,₹105.00,1 Box
99,Hi – Tech Pencil,ஹை-டெக் பென்சில்,675.00,₹135.00,1 Box
100,Pop Corn Pencil,பாப் கார்ன் பென்சில்,1250.00,₹250.00,1 Box
101,Sivakasi SPL,சிவகாசி எஸ்பிஎல்,1000.00,₹200.00,1 Box
102,Magic wand,மேஜிக் வாண்ட்,625.00,₹125.00,1 Box
103,Vio-Violet colour(2 Pcs),வயோ-வயலெட் கலர் (2 பீஸ்),1050.00,₹210.00,1 Box
104,Bro – code(crackling),ப்ரோ-கோட் (கிராக்கிளிங்),900.00,₹180.00,1 Box
105,Snow point(crackling),ஸ்னோ பாயிண்ட் (கிராக்கிளிங்),900.00,₹180.00,1 Box
106,11/2” Twinkling Star,1½” ட்விங்கிளிங் ஸ்டார்,150.00,₹30.00,1 Box
107,4” Twinkling Star,4” ட்விங்கிளிங் ஸ்டார்,350.00,₹70.00,1 Box
108,1\4 kg,1/4 கிலோ,250.00,₹50.00,1 Box
109,1\2 kg,1/2 கிலோ,500.00,₹100.00,1 Box
110,1 kg,1 கிலோ,1000.00,₹200.00,1 Box
111,1\4 kg(Adiyal vbm),1/4 கிலோ (அடியால் VBM),350.00,₹70.00,1 Box
112,1\2 kg (Adiyal vbm),1/2 கிலோ (அடியால் VBM),700.00,₹140.00,1 Box
113,1 kg (Adiyal vbm),1 கிலோ (அடியால் VBM),1400.00,₹280.00,1 Box
114,Colour paper bomp,கலர் பேப்பர் பாம்,350.00,₹70.00,1 Box
115,Colour podi bomb,கலர் பொடி பாம்,700.00,₹140.00,1 Box
116,1\4 kg colour paper bomp,1/4 கிலோ கலர் பேப்பர் பாம்,400.00,₹80.00,1 Box
117,Karudan,கருடன்,1000.00,₹200.00,1 Box
118,Avatar 1,அவதார் 1,1400.00,₹280.00,1 Box
119,Avatar 2,அவதார் 2,2000.00,₹400.00,1 Box
120,Fire Bomp,ஃபயர் பாம்,1700.00,₹340.00,1 Box
121,Magic Show,மேஜிக் ஷோ,1250.00,₹250.00,1 Box
122,4 paper Shot,4 பேப்பர் ஷாட்,1050.00,₹210.00,1 Box
123,8 Shot,8 ஷாட்,1750.00,₹350.00,1 Box
124,Angry Birds(Red & Green),ஆங்க்ரி பேர்ட்ஸ் (ரெட் & கிரீன்),650.00,₹130.00,1 Box
125,Angry Birds(Gold & Silver),ஆங்க்ரி பேர்ட்ஸ் (கோல்டு & சில்வர்),600.00,₹120.00,1 Box
126,Magic Melody,மேஜிக் மெலடி,675.00,₹135.00,1 Box
127,Candy Crush,கேண்டி கிரஷ்,800.00,₹160.00,1 Box
128,Nemo(1pcs),நீமோ (1 பீஸ்),150.00,₹30.00,1 Pcs
129,Nemo(5pcs),நீமோ (5 பீஸ்),725.00,₹145.00,1 Box
130,Toy Story (1pcs),டாய் ஸ்டோரி (1 பீஸ்),225.00,₹45.00,1 Box
131,Toy Story (5pcs),டாய் ஸ்டோரி (5 பீஸ்),1000.00,₹200.00,1 Box
132,Tri Colour Premium,ட்ரை கலர் பிரீமியம்,1300.00,₹260.00,1 Box
133,Tri colour Classic,ட்ரை கலர் கிளாசிக்,1000.00,₹200.00,1 Box
134,MottuPatlu (2 in 1),மோட்டு பட்லு (2 இன் 1),900.00,₹180.00,1 Box
135,Peri & Peri (2 in 1),பெரி பெரி(2 இன் 1),900.00,₹180.00,1 Box
136,Belly Jelly (2 in 1),பெல்லி ஜெல்லி(2 இன் 1),900.00,₹180.00,1 Box
137,Rock & Pop (2 in 1),ராக் & பாப் (2 இன் 1),900.00,₹180.00,1 Box
138,Wonder Three (1pcs),வொண்டர் த்ரீ (1 பீஸ்),800.00,₹160.00,1 Box
139,Welcome Star (1pcs),வெல்கம் ஸ்டார் (1 பீஸ்),650.00,₹130.00,1 Box
140,Jumbo Crackling (1pcs,ஜம்போ கிராக்கிளிங் (1 பீஸ்),825.00,₹165.00,1 Box
141,Photo Flash (5 Pcs),போட்டோ ஃப்ளாஷ் (5 பீஸ்),350.00,₹70.00,1 Box
142,Bambaraa (10 Pcs),பம்பரம் (10 பீஸ்),950.00,₹190.00,1 Box
143,Kit Kat (10 Pcs),கிட் கேட் (10 பீஸ்),125.00,₹25.00,1 Box
144,Whatsapp (INF) (3pcs ),வாட்ஸ்அப் (INF) (3 பீஸ்),1000.00,₹200.00,1 Box
145,1” Chotta Fancy,1” சோட்டா ஃபான்சி,225.00,₹45.00,1 Box
146,2” Fancy (1 Pc),2” ஃபான்சி (1 பீஸ்),500.00,₹100.00,1 Box
147,2” Fancy INF (Premium),2” ஃபான்சி INF (பிரீமியம்),700.00,₹140.00,1 Box
148,2” Fancy (2 Pcs),2” ஃபான்சி (2 பீஸ்),950.00,₹190.00,1 Box
149,2” Fancy (3 Pcs),2” ஃபான்சி (3 பீஸ்),1250.00,₹250.00,1 Box
150,2½” Fancy (1 Pc),2½” ஃபான்சி (1 பீஸ்),700.00,₹140.00,1 Box
151,2½” Fancy (2 Pcs),2½” ஃபான்சி (2 பீஸ்),1250.00,₹250.00,1 Box
152,2½” Fancy INF Premium,2½” ஃபான்சி INF பிரீமியம்,1200.00,₹240.00,1 Box
153,3” Fancy (1 Pc),3” ஃபான்சி (1 பீஸ்),1275.00,₹255.00,1 Box
154,3½” Double Ball,3½” டபுள் பால்,2800.00,₹560.00,1 Box
155,3½” Fancy Sky Drivers Premium,3” ஃபான்சி ஸ்கை டிரைவர்ஸ் பிரீமியம்,1875.00,₹375.00,1 Box
156,4” Fancy Manoj,4” ஃபான்சி மனோஜ்,1950.00,₹390.00,1 Box
157,5” Fancy Sri Vijay,5” ஃபான்சி ஸ்ரீ விஜய்,3000.00,₹600.00,1 Nos
158,5” Texas Delight,5” டெக்சாஸ் டிலைட்,1750.00,₹350.00,1 Box
159,5” Wow Lemon,5” வாவ் லெமன்,2125.00,₹425.00,1 Box
160,6” Royal Stag(Thannigai),6” ராயல் ஸ்டாக் (தணிகை),2500.00,₹500.00,1 Box
161,3½” (3 Pcs) NSV,3½” (3 பீஸ்) NSV,6500.00,"₹1,300.00",1 Box
162,4” Fancy (2 Pcs) Unique Shells ***,3½” ஃபான்சி (2 பீஸ்) யூனிக் ஷெல்ஸ்,5750.00,"₹1,150.00",1 Box
163,4” Double Ball Hot & Sweet (2 Pcs) ***,3½” டபுள் பால் ஹாட் & ஸ்வீட்,5500.00,"₹1,100.00",2 Pcs
164,4” Golden eye(Nayara) ***,4” கோல்டன் ஐ (நயாரா),2000.00,₹400.00,1 Box
165,4” Blue(Neela Angel) ***,4” ப்ளூ (நீல ஏஞ்சல்),2750.00,₹550.00,1 Box
166,Sonny Spider Web Series (2 Pcs) ***,சோனி ஸ்பைடர் வெப் சீரிஸ் (2 பீஸ்),4750.00,₹950.00,1 Box
167,Sonny Night Angels Fancy (2 Pcs) ***,சோனி நைட் ஏஞ்சல்ஸ் ஃபான்சி (2 பீஸ்),3000.00,₹600.00,1 Box
168,Triple Treat (3 Pcs) Triple Ball***,டிரிபிள் ட்ரீட் (3 பீஸ்) டிரிபிள் பால்,5500.00,"₹1,100.00",1 Box
169,6” Super Hero(Balaji),6” சூப்பர் ஹீரோ (பாலாஜி),8000.00,"₹1,600.00",1 Box
170,4” 7step ***,4” 7 ஸ்டெப்,2000.00,₹400.00,1 Box
171,3½” City Jumber(7 Step),3½” சிட்டி ஜம்பர் (7 ஸ்டெப்),4000.00,₹800.00,1 Box
172,Love All (7 Step Crackling) ***,லவ் ஆல் (7 ஸ்டெப் கிராக்கிளிங்),2750.00,₹550.00,1 Box
173,Hulk (Green),ஹல்க் (கிரீன்),2000.00,₹400.00,1 Box
174,Mr.Fantastic(Red),மிஸ்டர் ஃபான்டாஸ்டிக் (ரெட்),4000.00,₹800.00,1 Box
175,Wolverine(Gold),வுல்வரின் (கோல்டு),2750.00,₹550.00,1 Box
176,Superman(Silver),சூப்பர்மேன் (சில்வர்),2475.00,₹495.00,1 Box
177,Captain America,கேப்டன் அமெரிக்கா,2675.00,₹535.00,1 Box
178,Singing Dolls,சிங்கிங் டால்ஸ்,1950.00,₹390.00,1 Box
179,Arabian Nights,அரேபியன் நைட்ஸ்,1750.00,₹350.00,1 Box
180,Singing birds,சிங்கிங் பேர்ட்ஸ்,7500.00,"₹1,500.00",1 Box
181,7 Shots,7 ஷாட்ஸ்,650.00,₹130.00,1 Box
182,12 Shots Rider,12 ஷாட்ஸ் ரைடர்,800.00,₹160.00,1 Box
183,12 Shots Colour Crackling,12 ஷாட்ஸ் கலர் கிராக்கிளிங்,850.00,₹170.00,1 Box
184,12 Shot Colour Bomb,12 ஷாட் கலர் பாம்,900.00,₹180.00,1 Box
185,12 shot 6 in 1,12 ஷாட் 6 இன் 1,3495.00,₹699.00,1 Box
186,15 Smoke Shot,15 ஸ்மோக் ஷாட்,2000.00,₹400.00,1 Box
187,25 Shot Rim Zim(Angel UV),25 ஷாட் ரிம் ஜிம் (ஏஞ்சல் UV),1950.00,₹390.00,1 Box
188,30 Shots Sky Feast (UV BOX) Crackling,30 ஷாட்ஸ் ஸ்கை ஃபீஸ்ட் (UV பாக்ஸ்) கிராக்கிளிங்,2250.00,₹450.00,1 Box
189,30 Shots Night India,30 ஷாட்ஸ் நைட் இந்தியா,3500.00,₹700.00,1 Box
190,30 Shot Silvar thunder,30 ஷாட் சில்வர் தண்டர்,4000.00,₹800.00,1 Box
191,50 Shot Fall in Love,50 ஷாட் ஃபால் இன் லவ்,3750.00,₹750.00,1 Box
192,60 Shots Colour Balls,60 ஷாட்ஸ் கலர் பால்ஸ்,4500.00,₹900.00,1 Box
193,120 Shots Colour Way,120 ஷாட்ஸ் கலர் வே,9000.00,₹1800.00,1 Box
194,240 Shots Multi colour,240 ஷாட்ஸ் மல்டி கலர்,15000.00,₹3000.00,1 Box
195,Art in the sky Mega 25 Shot,ஆர்ட் இன் த ஸ்கை மெகா 25 ஷாட்,25000.00,"₹5,000.00",1 Box
196,Pyro gems,பைரோ ஜெம்ஸ்,20250.00,"₹4,050.00",1 Box
197,5x10,5×10,17500.00,"₹3,500.00",1 Box
198,Blue diamond,ப்ளூ டைமண்ட்,6500.00,"₹1,300.00",1 Box
199,Digital rain,டிஜிட்டல் ரெயின்,8750.00,"₹1,750.00",1 Box
200,IPL Winner Shot,ஐபிஎல் வின்னர் ஷாட்,17500.00,"₹3,500.00",1 Box
201,10 x 10 Peacock Dance,10 × 10 பீகாக் டான்ஸ்,16500.00,"₹3,300.00",1 Box
202,Gang Bangers,கேங் பேங்கர்ஸ்,13400.00,₹2680.00,1 Box
203,4” Set out,4” செட் அவுட்,25250.00,₹5050.00,1 Box
204,7cm Electric Sparklers,7cm எலக்ட்ரிக் கம்பி,65.00,₹13.00,1 Box
205,7cm Colour Sparklers,7cm கலர் கம்பி,75.00,₹15.00,1 Box
206,7cm Green Sparklers,7cm கிரீன் கம்பி,90.00,₹18.00,1 Box
207,7cm Red Sparklers,7cm ரெட் கம்பி,95.00,₹19.00,1 Box
208,7cm 4 in 1,7cm 4 இன் 1,70.00,₹14.00,1 Box
209,7cm 50-50,7cm 50-50,85.00,₹17.00,1 Box
210,10cm Electric Sparklers,10cm எலக்ட்ரிக் கம்பி,90.00,₹18.00,1 Box
211,10cm Colour Sparklers,10cm கலர் கம்பி,100.00,₹20.00,1 Box
212,10cm Green Sparklers,10cm கிரீன் கம்பி,110.00,₹22.00,1 Box
213,10cm Red Sparklers,10cm ரெட் கம்பி,125.00,₹25.00,1 Box
214,Silver Drops,சில்வர் ட்ராப்ஸ்,120.00,₹24.00,1 Box
215,12cm Electric Sparklers,12cm எலக்ட்ரிக் கம்பி,125.00,₹25.00,1 Box
216,12cm Colour Sparklers,12cm கலர் கம்பி,140.00,₹28.00,1 Box
217,12cm Green Sparklers,12cm கிரீன் கம்பி,150.00,₹30.00,1 Box
218,12cm Red Sparklers,12cm ரெட் கம்பி,160.00,₹32.00,1 Box
219,15cm Electric Sparklers,15cm எலக்ட்ரிக் கம்பி,230.00,₹46.00,1 Box
220,15cm Colour Sparklers,15cm கலர் கம்பி,250.00,₹50.00,1 Box
221,15cm Green Sparklers,15cm கிரீன் கம்பி,265.00,₹53.00,1 Box
222,15cm Red Sparklers,15cm ரெட் கம்பி,285.00,₹57.00,1 Box
223,15cm 4 in 1,15cm 4 இன் 1,270.00,₹54.00,1 Box
224,30cm Electric Sparklers,30cm எலக்ட்ரிக் கம்பி,230.00,₹46.00,1 Box
225,30cm Colour Sparklers,30cm கலர் கம்பி,250.00,₹50.00,1 Box
226,30cm Green Sparklers,30cm கிரீன் கம்பி,265.00,₹53.00,1 Box
227,30cm Red Sparklers,30cm ரெட் கம்பி,285.00,₹57.00,1 Box
228,50cm Electric Sparklers,50cm எலக்ட்ரிக் கம்பி,800.00,₹160.00,1 Box
229,50cm Colour Sparklers,50cm கலர் கம்பி,850.00,₹170.00,1 Box
230,Drone Camera,ட்ரோன் கேமரா,850.00,₹170.00,1 Box
231,Helicopter,ஹெலிகாப்டர்,800.00,₹160.00,1 Box
232,Top Gun,டாப் கன்,1475.00,₹295.00,1 Box
233,Fair play,ஃபெயர் ப்ளே,950.00,₹190.00,1 Box
234,Selfie Stick (5pcs),செல்ஃபி ஸ்டிக் (5 பீஸ்),700.00,₹140.00,1 Box
235,Colour Butter Cafe(10pcs),கலர் பட்டர் கஃபே (10 பீஸ்),700.00,₹140.00,1 Box
236,Butterfly,பட்டர்ஃப்ளை,650.00,₹130.00,1 Box
237,Tora Singar,டோரா சிங்கர்,800.00,₹160.00,1 Box
238,Water Queen,வாட்டர் க்வீன்,825.00,₹165.00,1 Box
239,Star World (5 pcs),ஸ்டார் வேர்ல்டு (5 பீஸ்),750.00,₹150.00,1 Box
240,Sky King,ஸ்கை கிங்,550.00,₹110.00,1 Box
241,Tin Beer (1 Pcs),டின் பீர் (1 பீஸ்),362.00,₹72.40,1 Box
242,Old Is Gold,ஓல்ட் இஸ் கோல்டு,1150.00,₹230.00,1 Box
243,Money In The Bank,மனி இன் த பேங்க்,850.00,₹170.00,1 Box
244,Musical Siren 3 pcs,மியூசிக்கல் சைரன் (3 பீஸ்),1300.00,₹260.00,1 Box
245,Siren mini 5 pcs,சைரன் மினி (5 பீஸ்),900.00,₹180.00,1 Box
246,90 Watts,90 வாட்ஸ்,950.00,₹190.00,1 Box
247,Toy Gun,டாய் கன்,750.00,₹150.00,1 Box
248,Mori penta plus,மோரி பென்டா பிளஸ்,900.00,₹180.00,1 Box
249,Mori Hi-Fi,மோரி ஹை-ஃபை,1150.00,₹230.00,1 Box
250,Arjun tank,அர்ஜுன் டேங்க்,1750.00,₹350.00,1 Box
251,Bharath Talk,பாரத் டாக்,725.00,₹145.00,1 Box
252,Penta Fource (Supreme),பென்டா ஃபோர்ஸ் (சுப்ரீம்),950.00,₹190.00,1 Box
253,Lolly pop,லாலிபாப்,900.00,₹180.00,1 Box
254,Chocklet bomp,சாக்லெட் பாம்,725.00,₹145.00,1 Box
255,Chin shan,ஷின் சான்,400.00,₹80.00,1 Box
256,MRF Bat & Ball,எம்ஆர்எஃப் பேட் & பால்,1200.00,₹240.00,1 Box
257,Motu batlu +9,மோட்டு பட்லு +9,1050.00,₹210.00,1 Box
258,Dancing umberla,டான்சிங் அம்ப்ரெல்லா,1200.00,₹240.00,1 Box
259,i.Cone,ஐ.கோன்,1375.00,₹275.00,1 Box
260,Fanta Five,ஃபான்டா ஃபைவ்,1000.00,₹200.00,1 Box
261,Yoyo Foundatin,யோயோ ஃபவுண்டெய்ன்,1500.00,₹300.00,1 Box
262,Cock fight(2pcs),காக் ஃபைட் (2 பீஸ்),1000.00,₹200.00,1 Box
263,Peacock fether(2pcs),பீகாக் ஃபெதர் (2 பீஸ்),1000.00,₹200.00,1 Box
264,Jelly pops(2pcs),ஜெல்லி பாப்ஸ் (2 பீஸ்),1000.00,₹200.00,1 Box
265,Magic Money,மேஜிக் மணி,1250.00,₹250.00,1 Box
266,Peacock Angel,பீகாக் ஏஞ்சல்,900.00,₹180.00,1 Box
267,Magical peacock,மேஜிக்கல் பீகாக்,1225.00,₹245.00,1 Box
268,Mega cuckoo,மெகா குக்கூ,1900.00,₹380.00,1 Box
269,Bada mayur,படா மயூர்,2000.00,₹400.00,1 Box
270,Rainbow Smoke(2Pcs),ரெயின்போ ஸ்மோக் (2 பீஸ்),1200.00,₹240.00,1 Box
271,Colour Smoke (3Pcs),கலர் ஸ்மோக் (3 பீஸ்),875.00,₹175.00,1 Box
272,Smoke Stick,ஸ்மோக் ஸ்டிக்,275.00,₹55.00,1 Box
273,Mumbo Jumbo(Elephant toy),மம்போ ஜம்போ (எலிஃபென்ட் டாய்),1237.50,₹247.50,1 Box
274,Mad Angles,மேட் ஏங்ல்ஸ்,1000.00,₹200.00,1 Box
275,Coco loco,கோகோ லோகோ,575.00,₹115.00,1 Box
276,Cylinder bomb,சிலிண்டர் பாம்,975.00,₹195.00,1 Box
277,Emu egg,ஈமு எக்,975.00,₹195.00,1 Box
278,Oreo fountains,ஓரியோ ஃபவுண்டெய்ன்ஸ்,600.00,₹120.00,1 Box
279,Black money,பிளாக் மணி,1500.00,₹300.00,1 Box
280,Mega cocoanut crackling,மெகா கோகனட் கிராக்கிளிங்,1650.00,₹330.00,1 Box
281,Poppets(Vanitha),பாப்பெட்ஸ் (வனிதா),3250.00,₹650.00,1 Box
282,Spectra(Vanitha),ஸ்பெக்ட்ரா (வனிதா),800.00,₹160.00,1 Box
283,Kulfi kingdom,குல்ஃபி கிங்டம்,1375.00,₹275.00,1 Box
284,Doraemon,டோரீமான்,1200.00,₹240.00,1 Box
285,Watermelon,வாட்டர்மெலன்,1500.00,₹300.00,1 Box
286,Naruto,நருடோ,2425.00,₹485.00,1 Box
287,Rock star,ராக் ஸ்டார்,1675.00,₹335.00,1 Box
288,Kickables,கிக்கபிள்ஸ்,1300.00,₹260.00,1 Box
289,Love dose,லவ் டோஸ்,700.00,₹140.00,1 Box
290,Vajra,வஜ்ரா,1050.00,₹210.00,1 Box
291,Sward,ஸ்வோர்டு,650.00,₹130.00,1 Box
292,Hammer,ஹாம்மர்,950.00,₹190.00,1 Box
293,Jungle Toy Fountain,ஜங்கிள் டாய் ஃபவுண்டெய்ன்,975.00,₹195.00,1 Box
294,Naragasura Colour Change crackling,நரகாசுரா கலர் சேஞ்சிங் க்ராக்லிங்,1300.00,₹260.00,1 Box
295,Raavanan(10 Head),ராவணன் (10 ஹெட்),1500.00,₹300.00,1 Box
296,THOR(Ajantha),தோர் (அஜந்தா),1150.00,₹230.00,1 Box
297,Rapedo,ராபிடோ,1150.00,₹230.00,1 Box
298,Euro Stars,யூரோ ஸ்டார்ஸ்,975.00,₹195.00,1 Box
299,Jolly Wheel,ஜாலி வீல்,575.00,₹115.00,1 Box
300,Pop Silver,பாப் சில்வர்,350.00,₹70.00,1 Box
301,Pop Gold,பாப் கோல்டு,375.00,₹75.00,1 Box
302,Talking Tom,டாக்கிங் டாம்,1200.00,₹240.00,1 Box
303,Trisul(2 Pcs),திரிசூல் (2 பீஸ்),1200.00,₹240.00,1 Box
304,Funky Fish,ஃபங்கி ஃபிஷ்,1200.00,₹240.00,1 Box
305,Lion Fountain,லயன் ஃபவுண்டெய்ன்,1150.00,₹230.00,1 Box
306,Tiger Fountain,டைகர் ஃபவுண்டெய்ன்,1150.00,₹230.00,1 Box
307,Car Fountain,கார் ஃபவுண்டெய்ன்,2475.00,₹495.00,1 Box
308,Once More,ஒன்ஸ் மோர்,800.00,₹160.00,1 Box
309,Moon Tail,மூன் டெயில்,2400.00,₹480.00,1 Box
310,Guitar,கிட்டார்,1150.00,₹230.00,1 Box
311,Pizza Fountain,பீட்சா ஃபவுண்டெய்ன்,2100.00,₹420.00,1 Box
312,Gold Rush,கோல்ட் ரஷ்,575.00,₹115.00,1 Box
313,Magic Tree,மேஜிக் ட்ரீ,600.00,₹120.00,1 Box
314,Cocktails,காக்டெயில்ஸ்,600.00,₹120.00,1 Box
315,Roll Caps,ரோல் கேப்ஸ்,300.00,₹60.00,1 Box
316,Ring Caps,ரிங் கேப்ஸ்,40.00,₹8.00,1 Pkt.
317,Black Serpent Small,பிளாக் சர்பென்ட் ஸ்மால்,127.50,₹25.50,1 Box
318,Black Serpent Big,பிளாக் சர்பென்ட் பிக்,252.50,₹50.50,1 Box
319,Black Serpent Anaconda,பிளாக் சர்பென்ட் அனகோண்டா,375.00,₹75.00,1 Box
320,Colour matches 5 in 1,கலர் மேட்சஸ் 5 இன் 1,300.00,₹60.00,1 Box
321,Grown Colour matches,க்ரோன் கலர் மேட்சஸ்,800.00,₹160.00,1 Box
322,Royal max,ராயல் மேக்ஸ்,950.00,₹190.00,1 Box
323,Gift Box -21 item,கிஃப்ட் பாக்ஸ் 50-ஐட்டம்,1800.00,₹360.00,1 Box
324,Gift Box -31 item,கிஃப்ட் பாக்ஸ் 40-ஐட்டம்,2800.00,₹560.00,1 Box
325,Gift Box -41 item,கிஃப்ட் பாக்ஸ் 25-ஐட்டம்,3750.00,₹750.00,1 Box
326,Gift Box -50 item,கிஃப்ட் பாக்ஸ் 20-ஐட்டம்,4900.00,₹980.00,1 Box
327,Gift Box -60 item,கிஃப்ட் பாக்ஸ் 20-ஐட்டம்,6000.00,₹1200.00,1 Box
328,Rocket Bomb Special(Raj),ராக்கெட் பாம் ஸ்பெஷல் (ராஜ்),650.00,₹130.00,1 Box
329,Fire Bomp Play,ஃபயர் பாம் ப்ளே,3000.00,₹600.00,1 Box
330,3½” Fancy,3½” ஃபான்சி,1450.00,₹290.00,1 Box
